﻿<?xml version="1.0" encoding="utf-8" ?>
<Defs>

  <ResearchProjectDef>
    <defName>HeavyBridges</defName>
    <label>heavy bridges</label>
    <description>Build heavy bridges to provide passage over water and even construct heavy structures on them.</description>
    <baseCost>1000</baseCost>
    <techLevel>Industrial</techLevel>
    <researchViewX>0</researchViewX>
    <researchViewY>5</researchViewY>
  </ResearchProjectDef>

  <ResearchProjectDef>
    <defName>DeepWaterBridges</defName>
    <label>deep water bridges</label>
    <description>Learn how to build large pillar structures for your bridges to be able to build bridges even on deep water.</description>
    <baseCost>1200</baseCost>
    <techLevel>Industrial</techLevel>
	<prerequisites>
		<li>HeavyBridges</li>
	</prerequisites>
    <researchViewX>1</researchViewX>
    <researchViewY>5</researchViewY>
  </ResearchProjectDef>

</Defs>
